"Source:","D:\KiCAD_Projects\HVAC_STM32_Motor_Controller\HVAC_STM32_Motor_Controller.kicad_sch"
"Date:","5/19/2022 10:29:06 AM"
"Tool:","Eeschema (6.0.5)"
"Generator:","C:\Program Files\KiCad\6.0\bin\scripting\plugins/bom_csv_grouped_by_value_with_fp.py"
"Component Count:","72"
"Ref","Qnty","Value","Cmp name","Footprint","Description","Vendor"
"C1, ","1","4u7","C_Small","Capacitor_SMD:C_1206_3216Metric","Unpolarized capacitor, small symbol",""
"C2, C3, C4, C6, C8, ","5","100n","C_Small","Capacitor_SMD:C_0603_1608Metric","Unpolarized capacitor, small symbol",""
"C5, ","1","100u","C_Polarized_Small_US","Capacitor_SMD:CP_Elec_5x5.4","Polarized capacitor, small US symbol",""
"C7, ","1","220u","C_Polarized_Small_US","Capacitor_SMD:CP_Elec_10x10.5","Polarized capacitor, small US symbol",""
"C9, ","1","1u","C_Small","Capacitor_SMD:C_0603_1608Metric","Unpolarized capacitor, small symbol",""
"C10, ","1","10n","C_Small","Capacitor_SMD:C_0603_1608Metric","Unpolarized capacitor, small symbol",""
"C11, C12, ","2","10p","C_Small","Capacitor_SMD:C_0603_1608Metric","Unpolarized capacitor, small symbol",""
"C13, ","1","10u","C_Polarized_Small_US","Capacitor_SMD:CP_Elec_6.3x5.4","Polarized capacitor, small US symbol",""
"C14, ","1","100n","C_Small","Capacitor_SMD:C_1206_3216Metric","Unpolarized capacitor, small symbol",""
"C15, C17, C18, ","3","10n","C_Small","Capacitor_SMD:C_1206_3216Metric","Unpolarized capacitor, small symbol",""
"C16, ","1","470n","C_Small","Capacitor_SMD:C_0603_1608Metric","Unpolarized capacitor, small symbol",""
"D1, ","1","WHITE","LED_Small","LED_SMD:LED_0603_1608Metric","Light emitting diode, small symbol",""
"D2, D3, ","2","SS54","D_Schottky_Small","Diode_SMD:D_SMA","Schottky diode, small symbol",""
"D4, ","1","RED","LED_Small","LED_SMD:LED_0603_1608Metric","Light emitting diode, small symbol",""
"F1, ","1","5A","Polyfuse","Fuse:Fuse_2010_5025Metric","Resettable fuse, polymeric positive temperature coefficient",""
"H1, H2, H3, H4, ","4","MountingHole_Pad","MountingHole_Pad","MountingHole:MountingHole_2.2mm_M2_Pad","Mounting Hole with connection",""
"J1, ","1","SWD","Conn_02x05_Odd_Even","Connector_IDC:IDC-Header_2x05_P2.54mm_Vertical","Generic connector, double row, 02x05, odd/even pin numbering scheme (row 1 odd numbers, row 2 even numbers), script generated (kicad-library-utils/schlib/autogen/connector/)",""
"J2, ","1","Comms","Conn_01x10","Connector_PinHeader_2.54mm:PinHeader_1x10_P2.54mm_Vertical","Generic connector, single row, 01x10, script generated (kicad-library-utils/schlib/autogen/connector/)",""
"J3, ","1","24V IN","Screw_Terminal_01x02","TerminalBlock:TerminalBlock_Altech_AK300-2_P5.00mm","Generic screw terminal, single row, 01x02, script generated (kicad-library-utils/schlib/autogen/connector/)",""
"J5, ","1","USB_B_Micro","USB_B_Micro","Connector_USB:USB_Micro-AB_Molex_47590-0001","USB Micro Type B connector",""
"J6, ","1","MOTOR","Screw_Terminal_01x03","TerminalBlock:TerminalBlock_Altech_AK300-3_P5.00mm","Generic screw terminal, single row, 01x03, script generated (kicad-library-utils/schlib/autogen/connector/)",""
"J7, ","1","HALL FB","Screw_Terminal_01x05","TerminalBlock_Altech:Altech_AK300_1x05_P5.00mm_45-Degree","Generic screw terminal, single row, 01x05, script generated (kicad-library-utils/schlib/autogen/connector/)",""
"J9, ","1","5V OUT","Screw_Terminal_01x02","TerminalBlock:TerminalBlock_Altech_AK300-2_P5.00mm","Generic screw terminal, single row, 01x02, script generated (kicad-library-utils/schlib/autogen/connector/)",""
"L1, ","1","68u","L_Small","Inductor_SMD:L_Taiyo-Yuden_NR-30xx","Inductor, small symbol",""
"L2, ","1","39n","L_Small","Inductor_SMD:L_0603_1608Metric","Inductor, small symbol",""
"Q1, ","1","AO3401A","AO3401A","Package_TO_SOT_SMD:SOT-23","-4.0A Id, -30V Vds, P-Channel MOSFET, SOT-23",""
"R1, R9, R14, R16, R17, R18, R19, R20, ","8","1.5k","R_Small","Resistor_SMD:R_0805_2012Metric","Resistor, small symbol",""
"R2, R5, ","2","10k","R_Small","Resistor_SMD:R_0603_1608Metric","Resistor, small symbol",""
"R3, ","1","10","R_Small","Resistor_SMD:R_1206_3216Metric","Resistor, small symbol",""
"R4, ","1","20","R_Small","Resistor_SMD:R_1206_3216Metric","Resistor, small symbol",""
"R6, R8, ","2","2.2k","R_Small","Resistor_SMD:R_0603_1608Metric","Resistor, small symbol",""
"R7, ","1","47","R_Small","Resistor_SMD:R_0805_2012Metric","Resistor, small symbol",""
"R10, R11, R15, ","3","0.02","R_Small","Resistor_SMD:R_1206_3216Metric","Resistor, small symbol",""
"R12, R13, ","2","10k","R_Small","Resistor_SMD:R_1206_3216Metric","Resistor, small symbol",""
"SW1, ","1","SW_SPDT","SW_SPDT","Button_Switch_SMD:SW_SPDT_PCM12","Switch, single pole double throw",""
"TP1, TP4, TP5, TP6, TP7, ","5","nFAULT","TestPoint","TestPoint:TestPoint_Pad_1.5x1.5mm","test point",""
"U1, ","1","STM32F302C8Tx","STM32F302C8Tx","Package_QFP:LQFP-48_7x7mm_P0.5mm","ARM Cortex-M4 MCU, 64KB flash, 16KB RAM, 72MHz, 2-3.6V, 37 GPIO, LQFP-48",""
"U2, ","1","XL1509-5.0E1","XL1509","Package_SO:SOP-8_3.9x4.9mm_P1.27mm","",""
"U3, ","1","USBLC6-2SC6","USBLC6-2SC6","Package_TO_SOT_SMD:SOT-23-6","Very low capacitance ESD protection diode, 2 data-line, SOT-23-6",""
"U4, ","1","DRV8313PWPR","DRV8313PWPR","Package_SO:HTSSOP-28-1EP_4.4x9.7mm_P0.65mm_EP2.85x5.4mm","","Digikey"
"U5, U6, U8, ","3","INA180","INA180","Package_TO_SOT_SMD:SOT-23-5","",""
"U7, ","1","LM75B","LM75B","Package_SO:MSOP-8_3x3mm_P0.65mm","Digital Temperature Sensor & Thermal Watchdog with LP on I2C and bus fault timeout, SOIC-8 and VSSOP-8",""
"Y1, ","1","16MHz","Crystal_GND24_Small","Crystal:Crystal_SMD_3225-4Pin_3.2x2.5mm","Four pin crystal, GND on pins 2 and 4, small symbol",""
